organism_type,species_name,federal_status,unit_name,state,other_state,serialid
Amphibian,Arroyo Toad,Endangered,San Diego NWR,CA,,1
Amphibian,California Red-legged Frog,Endangered,Guadalupe-Nipomo Dunes NWR,CA,,2
Amphibian,California Red-legged Frog,Endangered,San Diego NWR,CA,,3
Amphibian,Cheat Mountain Salamander,Threatened,Canaan Valley NWR,WV,,4
Amphibian,Chiricahua leopard frog,Threatened,Buenos Aires NWR,AZ,,5
Amphibian,Santa Cruz Long-toed Salamander,Endangered,Ellicott Slough NWR,CA,,6
Amphibian,Wyoming Toad,Endangered,Mortenson Lake NWR,WY,,7
Amphibian,Wyoming Toad,Endangered,Hutton Lake NWR,WY,,8
Bird,Akiapolaau,Endangered,Hakalau Forest NWR,HI,,9
Bird,Attwater's Greater Prairie-chicken,Endangered,Attwater Prairie Chicken NWR,TX,,10
Bird,Attwater's Greater Prairie-chicken,Endangered,Aransas NWR,TX,,11
Bird,Audubon's Crested Caracara,Threatened,Arthur R. Marshall Loxahatchee NWR,FL,,12
Bird,Bachman's Warbler,Endangered,Ernest F. Hollings ACE Basin NWR,SC,,13
Bird,Bachman's Warbler,Endangered,Cape Romain NWR,SC,,14
Bird,Bald Eagle,Threatened,Havasu NWR,AZ,,15
Bird,Bald Eagle,Threatened,Bill Williams River NWR,AZ,,16
Bird,Bald Eagle,Threatened,Kofa National Wildlife Refuge,AZ,,17
Bird,Black-capped Vireo,Endangered,Santa Ana NWR,TX,,18
Bird,Black-capped Vireo,Endangered,Wichita Mountains Wildlife Refuge,OK,,19
Bird,Black-capped Vireo,Endangered,Balcones Canyonlands NWR,TX,,20
Bird,Bridled White-eye,Endangered,Guam NWR,GU,,21
Bird,Brown Pelican,Endangered,Big Branch Marsh NWR,LA,,22
Bird,Brown Pelican,Endangered,Grays Harbor NWR,WA,,23
Bird,Brown Pelican,Endangered,Siletz Bay NWR,OR,,24
Bird,Brown Pelican,Endangered,Bayou Sauvage NWR,LA,,25
Bird,Brown Pelican,Endangered,Delta NWR,LA,,26
Bird,Brown Pelican,Endangered,Havasu NWR,AZ,CA,27
Bird,Brown Pelican,Endangered,Bill Williams River NWR,AZ,,28
Bird,Brown Pelican,Endangered,Cibola NWR,AZ,CA,29
Bird,Brown Pelican,Endangered,San Diego Bay NWR,CA,,30
Bird,Brown Pelican,Endangered,Guadalupe-Nipomo Dunes NWR,CA,,31
Bird,Brown Pelican,Endangered,Sandy Point NWR,VI,,32
Bird,Brown Pelican,Endangered,Culebra NWR,PR,,33
Bird,Brown Pelican,Endangered,Green Cay NWR,VI,,34
Bird,Brown Pelican,Endangered,Shell Keys NWR,LA,,35
Bird,Brown Pelican,Endangered,Santa Ana NWR,TX,,36
Bird,Brown Pelican,Endangered,Aransas NWR,TX,,37
Bird,Brown Pelican,Endangered,San Bernard NWR,TX,,38
Bird,Brown Pelican,Endangered,Imperial NWR,AZ,CA,39
Bird,Brown Pelican,Endangered,Laguna Atascosa NWR,TX,,40
Bird,Brown Pelican,Endangered,Lower Rio Grande Valley NWR,TX,,41
Bird,Brown Pelican,Endangered,Breton NWR,LA,,42
Bird,Brown Pelican,Endangered,Big Boggy NWR,TX,,43
Bird,Brown Pelican,Endangered,Seal Beach NWR,CA,,44
Bird,Brown Pelican,Endangered,Three Arch Rocks NWR,OR,,45
Bird,Brown Pelican,Endangered,Tijuana Slough NWR,CA,,46
Bird,Brown Pelican,Endangered,Willapa NWR,WA,,47
Bird,Brown Pelican,Endangered,Oregon Islands NWR,OR,,48
Bird,Brown Pelican,Endangered,Salinas River NWR,CA,,49
Bird,Brown Pelican,Endangered,Sonny Bono Salton Sea NWR,CA,,50
Bird,Brown Pelican,Endangered,Don Edwards San Francisco Bay NWR,CA,,51
Bird,Brown Pelican,Endangered,San Pablo Bay NWR,CA,,52
Bird,Brown Pelican,Endangered,Farallon NWR,CA,,53
Bird,Brown Pelican,Endangered,Bandon Marsh NWR,OR,,54
Bird,Cactus Ferruginous Pygmy-owl,Endangered,Lower Rio Grande Valley NWR,TX,,55
Bird,Cactus Ferruginous pygmy-owl,Endangered,Cabeza Prieta NWR,AZ,,56
Bird,Cactus Ferruginous pygmy-owl,Endangered,Buenos Aires NWR,AZ,,57
Bird,Cactus Ferruginous pygmy-owl,Endangered,Laguna Atascosa NWR,TX,,58
Bird,Cactus Ferruginous pygmy-owl,Endangered,San Bernardino NWR,AZ,,59
Bird,California Condor,Endangered,Bitter Creek NWR,CA,,60
Bird,California Condor,Endangered,Blue Ridge NWR,CA,,61
Bird,California Condor,Endangered,Hopper Mountain NWR,CA,,62
Bird,"Clapper Rail, California",Endangered,San Pablo Bay NWR,CA,,63
Bird,"Clapper Rail, California",Endangered,Don Edwards San Francisco Bay NWR,CA,,64
Bird,"Clapper Rail, California",Endangered,Farallon NWR,CA,,65
Bird,"Clapper Rail, Light-footed",Endangered,Tijuana Slough NWR,CA,,66
Bird,"Clapper Rail, Light-footed",Endangered,San Diego Bay NWR,CA,,67
Bird,"Clapper Rail, Light-footed",Endangered,Seal Beach NWR,CA,,68
Bird,"Clapper Rail, Yuma",Endangered,Sonny Bono Salton Sea NWR,CA,,69
Bird,"Clapper Rail, Yuma",Endangered,Cibola NWR,AZ,CA,70
Bird,"Clapper Rail, Yuma",Endangered,Havasu NWR,AZ,CA,71
Bird,"Clapper Rail, Yuma",Endangered,Imperial NWR,AZ,CA,72
Bird,"Clapper Rail, Yuma",Endangered,Bill Williams River NWR,AZ,,73
Bird,Coastal California Gnatcatcher,Threatened,San Diego NWR,CA,,74
Bird,Eskimo Curlew,Endangered,North Dakota WMA,ND,,75
Bird,Eskimo Curlew,Endangered,Lower Rio Grande Valley NWR,TX,,76
Bird,Everglade Snail Kite,Endangered,Arthur R. Marshall Loxahatchee NWR,FL,,77
Bird,Everglade Snail Kite,Endangered,Florida Panther NWR,FL,,78
Bird,Everglade Snail Kite,Endangered,Lake Woodruff NWR,FL,,79
Bird,Florida Scrub Jay,Threatened,Lake Woodruff NWR,FL,,80
Bird,Florida Scrub Jay,Threatened,Hobe Sound NWR,FL,,81
Bird,Florida Scrub Jay,Threatened,Lower Suwannee NWR,FL,,82
Bird,Florida Scrub Jay,Threatened,Merritt Island NWR,FL,,83
Bird,Florida Scrub Jay,Threatened,Lake Wales Ridge NWR,FL,,84
Bird,Golden-cheeked Warbler,Endangered,Farallon NWR,CA,,85
Bird,Golden-cheeked Warbler,Endangered,Balcones Canyonlands NWR,TX,,86
Bird,Golden-cheeked Warbler,Endangered,Lower Rio Grande Valley NWR,TX,,87
Bird,Golden-cheeked Warbler,Endangered,Santa Ana NWR,TX,,88
Bird,Guam Broadbill,Endangered,Guam NWR,GU,,89
Bird,Guam Micronesian Kingfisher,Endangered,Guam NWR,GU,,90
Bird,Hawaii Akepa,Endangered,Hakalau Forest NWR,HI,,91
Bird,Hawaii Creeper,Endangered,Hakalau Forest NWR,HI,,92
Bird,Hawaiian Common Moorhen,Endangered,Hanalei NWR,HI,,93
Bird,Hawaiian Common Moorhen,Endangered,Huleia NWR,HI,,94
Bird,Hawaiian Common Moorhen,Endangered,James Campbell NWR,HI,,95
Bird,Hawaiian Common Moorhen,Endangered,Kakahaia NWR,HI,,96
Bird,Hawaiian Coot,Endangered,Kakahaia NWR,HI,,97
Bird,Hawaiian Coot,Endangered,James Campbell NWR,HI,,98
Bird,Hawaiian Coot,Endangered,Huleia NWR,HI,,99
Bird,Hawaiian Coot,Endangered,Hanalei NWR,HI,,100
Bird,Hawaiian Coot,Endangered,Pearl Harbor NWR,HI,,101
Bird,Hawaiian coot,Endangered,Kealia Pond NWR,HI,,102
Bird,Hawaiian Duck,Endangered,Pearl Harbor NWR,HI,,103
Bird,Hawaiian Duck,Endangered,Hanalei NWR,HI,,104
Bird,Hawaiian Duck,Endangered,Hakalau Forest NWR,HI,,105
Bird,Hawaiian Duck,Endangered,Huleia NWR,HI,,106
Bird,Hawaiian Duck,Endangered,James Campbell NWR,HI,,107
Bird,Hawaiian Duck,Endangered,Kakahaia NWR,HI,,108
Bird,Hawaiian Goose,Endangered,Hakalau Forest NWR,HI,,109
Bird,Hawaiian Hawk,Endangered,Hakalau Forest NWR,HI,,110
Bird,Hawaiian Stilt,Endangered,Kakahaia NWR,HI,,111
Bird,Hawaiian Stilt,Endangered,James Campbell NWR,HI,,112
Bird,Hawaiian Stilt,Endangered,Huleia NWR,HI,,113
Bird,Hawaiian Stilt,Endangered,Hanalei NWR,HI,,114
Bird,Hawaiian Stilt,Endangered,Pearl Harbor NWR,HI,,115
Bird,Hawaiian stilt,Endangered,Kealia Pond NWR,HI,,116
Bird,Interior Least Tern,Endangered,North Dakota WMA,ND,,117
Bird,Kirtland's Warbler,Endangered,St. Croix WMD,WI,,118
Bird,Kirtland's Warbler,Endangered,Kirtlands Warbler WMA,MI,,119
Bird,Laysan Duck,Endangered,Hawaiian Islands NWR,HI,,120
Bird,Laysan Finch,Endangered,Hawaiian Islands NWR,HI,,121
Bird,Least Bell's Vireo,Endangered,San Diego Bay NWR,CA,,122
Bird,Least Bell's Vireo,Endangered,Tijuana Slough NWR,CA,,123
Bird,Least Bell's Vireo,Endangered,San Diego NWR,CA,,124
Bird,Least Tern (Interior),Endangered,Bald Knob NWR,AR,,125
Bird,Least Tern (Interior),Endangered,Colorado River WMA,UT,,126
Bird,Least Tern (Interior),Endangered,Boyer Chute NWR,NE,,127
Bird,Least Tern (Interior),Endangered,Patoka River NWR,IN,,128
Bird,Least Tern (Interior),Endangered,Buffalo Lake NWR (TX),TX,,129
Bird,Least Tern (Interior),Endangered,Tishomingo NWR,OK,,130
Bird,Least Tern (Interior),Endangered,Big Muddy National Fish and Wildlife Refuge,MO,,131
Bird,Least Tern (Interior),Endangered,Optima NWR,OK,,132
Bird,Least Tern (Interior),Endangered,Washita NWR,OK,,133
Bird,Least Tern (Interior),Endangered,Marais des Cygnes NWR,KS,,134
Bird,Least Tern (Interior),Endangered,Cypress Creek NWR,IL,,135
Bird,Least Tern (Interior),Endangered,Squaw Creek NWR,MO,,136
Bird,Least Tern (Interior),Endangered,Deep Fork NWR,OK,,137
Bird,Least Tern (Interior),Endangered,Bitter Lake NWR,NM,,138
Bird,Least Tern (Interior),Endangered,Chickasaw NWR,TN,,139
Bird,Least Tern (Interior),Endangered,Cross Creeks NWR,TN,,140
Bird,Least Tern (Interior),Endangered,Sequoyah NWR,OK,,141
Bird,Least Tern (Interior),Endangered,DeSoto NWR,IA,NE,142
Bird,Least Tern (Interior),Endangered,Salt Plains NWR,OK,,143
Bird,Least Tern (Interior),Endangered,Little River NWR,OK,,144
Bird,Least Tern (Interior),Endangered,Hagerman NWR,TX,,145
Bird,Least Tern (Interior),Endangered,Sand Lake NWR,SD,,146
Bird,Least Tern (Interior),Endangered,Lake Nettie NWR,ND,,147
Bird,Least Tern (Interior),Endangered,Long Lake NWR,ND,,148
Bird,Least Tern (Interior),Endangered,Quivira NWR,KS,,149
Bird,Least Tern (Interior),Endangered,Rainwater Basin WMD,NE,,150
Bird,Least Tern (Interior),Endangered,Sand Lake WMD,SD,,151
Bird,Least Tern (Interior),Endangered,Audubon WMD,ND,,152
Bird,Least Tern (Interior),Endangered,Audubon NWR,ND,,153
Bird,Least Tern (Interior),Endangered,Charles M. Russell NWR,MT,,154
Bird,Least Tern (Interior),Endangered,Lower Hatchie NWR,TN,,155
Bird,Least Tern (Interior),Endangered,Mathews Brake NWR,MS,,156
Bird,Least Tern (Interior),Endangered,Lake Isom NWR,TN,,157
Bird,Least Tern (Interior),Endangered,Hillside NWR,MS,,158
Bird,Least Tern (Interior),Endangered,Reelfoot NWR,KY,TN,159
Bird,Least Tern (Interior),Endangered,Overflow NWR,AR,,160
Bird,Least Tern (Interior),Endangered,Yazoo NWR,MS,,161
Bird,Least Tern Interior,Endangered,St. Catherine Creek NWR,MS,,162
Bird,"Least Tern, California",Endangered,Guadalupe-Nipomo Dunes NWR,CA,,163
Bird,"Least Tern, California",Endangered,San Diego Bay NWR,CA,,164
Bird,"Least Tern, California",Endangered,Tijuana Slough NWR,CA,,165
Bird,"Least Tern, California",Endangered,Seal Beach NWR,CA,,166
Bird,"Least Tern, California",Endangered,Don Edwards San Francisco Bay NWR,CA,,167
Bird,"Least Tern, California",Endangered,San Pablo Bay NWR,CA,,168
Bird,Marbled Murrelet,Threatened,Cape Meares NWR,OR,,169
Bird,Mariana Common Moorhen,Endangered,Guam NWR,GU,,170
Bird,Mariana Crow,Endangered,Guam NWR,GU,,171
Bird,Masked Bobwhite,Endangered,Buenos Aires NWR,AZ,,172
Bird,Mississippi Sandhill Crane,Endangered,Mississippi Sandhill Crane NWR,MS,,173
Bird,Mountain Plover,Proposed,North Dakota WMA,ND,,174
Bird,Nihoa Finch,Endangered,Hawaiian Islands NWR,HI,,175
Bird,Nihoa Millerbird,Endangered,Hawaiian Islands NWR,HI,,176
Bird,Northern Aplomado Falcon,Endangered,Laguna Atascosa NWR,TX,,177
Bird,Northern Aplomado Falcon,Threatened,Lower Rio Grande Valley NWR,TX,,178
Bird,Northern Aplomado Falcon,Endangered,Santa Ana NWR,TX,,179
Bird,Northern Spotted Owl,Threatened,Cape Meares NWR,OR,,180
Bird,Oahu Elepaio,Endangered,Oahu Forest NWR,HI,,181
Bird,'O'u (honeycreeper),Endangered,Hakalau Forest NWR,HI,,182
Bird,Piping Plover,Threatened,Brazoria NWR,TX,,183
Bird,Piping Plover,Threatened,Aransas NWR,TX,,184
Bird,Piping Plover,Threatened,Anahuac NWR,TX,,185
Bird,Piping Plover,Threatened,Big Boggy NWR,TX,,186
Bird,Piping Plover,Threatened,Santa Ana NWR,TX,,187
Bird,Piping Plover,Threatened,Texas Point NWR,TX,,188
Bird,Piping Plover,Threatened,San Bernard NWR,TX,,189
Bird,Piping Plover,Threatened,McFaddin NWR,TX,,190
Bird,Piping Plover,Threatened,Laguna Atascosa NWR,TX,,191
Bird,Piping Plover,Threatened,Lower Rio Grande Valley NWR,TX,,192
Bird,Piping Plover,Threatened,Hagerman NWR,TX,,193
Bird,Piping Plover,Threatened,Currituck NWR,NC,,194
Bird,Piping Plover,Threatened,Cedar Keys NWR,FL,,195
Bird,Piping Plover,Threatened,Cape Romain NWR,SC,,196
Bird,Piping Plover,Threatened,Fergus Falls WMD,MN,,197
Bird,Piping Plover,Threatened,Morris WMD,MN,,198
Bird,Piping Plover,Threatened,Bon Secour NWR,AL,,199
Bird,Piping Plover,Threatened,Blackbeard Island NWR,GA,,200
Bird,Piping Plover,Threatened,Merritt Island NWR,FL,,201
Bird,Piping Plover,Threatened,Lower Suwannee NWR,FL,,202
Bird,Piping Plover,Threatened,Hobe Sound NWR,FL,,203
Bird,Piping Plover,Threatened,Back Bay NWR,VA,,204
Bird,Piping Plover,Threatened,Wolf Island NWR,GA,,205
Bird,Piping Plover,Threatened,Wassaw NWR,GA,,206
Bird,Piping Plover,Threatened,St. Marks NWR,FL,,207
Bird,Piping Plover,Threatened,St. Vincent NWR,FL,,208
Bird,Piping Plover,Threatened,Pea Island NWR,NC,,209
Bird,Piping Plover,Threatened,Pinckney Island NWR,SC,,210
Bird,Piping Plover,Threatened,Buffalo Lake NWR (ND),ND,,211
Bird,Piping Plover,Threatened,Audubon WMD,ND,,212
Bird,Piping Plover,Threatened,Bowdoin NWR,MT,,213
Bird,Piping Plover,Threatened,Charles M. Russell NWR,MT,,214
Bird,Piping Plover,Threatened,Cottonwood Lake NWR,ND,,215
Bird,Piping Plover,Threatened,Crosby WMD,ND,,216
Bird,Piping Plover,Threatened,Devils Lake WMD,ND,,217
Bird,Piping Plover,Threatened,J. Clark Salyer NWR,ND,,218
Bird,Piping Plover,Threatened,J. Clark Salyer WMD,ND,,219
Bird,Piping Plover,Threatened,Lacreek NWR,SD,,220
Bird,Piping Plover,Threatened,Lake Alice NWR,ND,,221
Bird,Piping Plover,Threatened,Kulm WMD,ND,,222
Bird,Piping Plover,Threatened,Lake Ilo NWR,ND,,223
Bird,Piping Plover,Threatened,Benton Lake NWR,MT,,224
Bird,Piping Plover,Threatened,Arrowwood NWR,ND,,225
Bird,Piping Plover,Threatened,Chase Lake Prairie Project WMD,ND,,226
Bird,Piping Plover,Threatened,Audubon NWR,ND,,227
Bird,Piping Plover,Threatened,Parker River NWR,MA,,228
Bird,Piping Plover,Threatened,Rachel Carson NWR,ME,,229
Bird,Piping Plover,Threatened,Sachuest Point NWR,RI,,230
Bird,Piping Plover,Threatened,Trustom Pond NWR,RI,,231
Bird,Piping Plover,Threatened,Chincoteague NWR,MD,VA,232
Bird,Piping Plover,Threatened,Edwin B. Forsythe NWR,NJ,,233
Bird,Piping Plover,Threatened,Elizabeth A. Morton NWR,NY,,234
Bird,Piping Plover,Threatened,Fisherman Island NWR,VA,,235
Bird,Piping Plover,Threatened,Monomoy NWR,MA,,236
Bird,Piping Plover,Threatened,Nantucket NWR,MA,,237
Bird,Piping Plover,Threatened,Ninigret NWR,RI,,238
Bird,Piping Plover,Threatened,Rainwater Basin WMD,NE,,239
Bird,Piping Plover,Threatened,Quivira NWR,KS,,240
Bird,Piping Plover,Threatened,Medicine Lake WMD,MT,,241
Bird,Piping Plover,Threatened,Long Lake WMD,ND,,242
Bird,Piping Plover,Threatened,Lake Nettie NWR,ND,,243
Bird,Piping Plover,Threatened,Long Lake NWR,ND,,244
Bird,Piping Plover,Threatened,Lostwood NWR,ND,,245
Bird,Piping Plover,Threatened,Lostwood WMD,ND,,246
Bird,Piping Plover,Threatened,Medicine Lake NWR,MT,,247
Bird,Piping Plover,Threatened,Sand Lake WMD,SD,,248
Bird,Piping Plover,Threatened,Sand Lake NWR,SD,,249
Bird,Piping Plover,Threatened,Willow Lake NWR,ND,,250
Bird,Piping Plover,Threatened,Wintering River NWR,ND,,251
Bird,Piping Plover,Threatened,North Dakota WMA,ND,,252
Bird,Piping Plover,Threatened,Upper Souris NWR,ND,,253
Bird,Piping Plover,Threatened,Waccamaw NWR,SC,,254
Bird,Piping Plover,Threatened,Waccamaw NWR,SC,,255
Bird,Piping Plover,Threatened,Bald Knob NWR,AR,,256
Bird,Piping Plover,Threatened,Trinity River NWR,TX,,257
Bird,Piping Plover,Threatened,Tishomingo NWR,OK,,258
Bird,Piping Plover,Threatened,Bayou Sauvage NWR,LA,,259
Bird,Piping Plover,Threatened,Breton NWR,LA,,260
Bird,Piping Plover,Threatened,Mashpee NWR,MA,,261
Bird,Piping Plover,Endangered,Big Branch Marsh NWR,LA,,262
Bird,Piping Plover,Threatened,Amagansett NWR,NY,,263
Bird,Piping Plover,Threatened,Chase Lake Prairie Project WMD,ND,,264
Bird,Piping Plover,Threatened,Tybee NWR,SC,,265
Bird,Piping Plover,Threatened,Pond Island NWR,ME,,266
Bird,Piping Plover,Threatened,Hutchinson Lake NWR,ND,,267
Bird,Piping Plover,Endangered,Iowa WMD,IA,,268
Bird,Piping Plover,Endangered,Clarence Cannon NWR,MO,,269
Bird,Piping Plover,Endangered,DeSoto NWR,IA,NE,270
Bird,Piping Plover,Endangered,Target Rock NWR,NY,,271
Bird,Piping Plover,Threatened,Marais des Cygnes NWR,KS,,272
Bird,Piping Plover,Endangered,Cedar Island NWR,NC,,273
Bird,Piping Plover,Endangered,Delta NWR,LA,,274
Bird,Piping Plover,Endangered,Shell Keys NWR,LA,,275
Bird,Red-cockaded Woodpecker,Endangered,Upper Ouachita NWR,LA,,276
Bird,Red-cockaded Woodpecker,Endangered,Ernest F. Hollings ACE Basin NWR,SC,,277
Bird,Red-cockaded Woodpecker,Endangered,Big Branch Marsh NWR,LA,,278
Bird,Red-cockaded Woodpecker,Endangered,Felsenthal NWR,AR,,279
Bird,Red-cockaded Woodpecker,Endangered,Pee Dee NWR,NC,,280
Bird,Red-cockaded Woodpecker,Endangered,Piedmont NWR,GA,,281
Bird,Red-cockaded Woodpecker,Endangered,Santee NWR,SC,,282
Bird,Red-cockaded Woodpecker,Endangered,Noxubee NWR,MS,,283
Bird,Red-cockaded Woodpecker,Endangered,Okefenokee NWR,GA,FL,284
Bird,Red-cockaded Woodpecker,Endangered,St. Marks NWR,FL,,285
Bird,Red-cockaded Woodpecker,Endangered,Florida Panther NWR,FL,,286
Bird,Red-cockaded Woodpecker,Endangered,Mississippi Sandhill Crane NWR,MS,,287
Bird,Red-cockaded Woodpecker,Endangered,Alligator River NWR,NC,,288
Bird,Red-cockaded Woodpecker,Endangered,Carolina Sandhills NWR,SC,,289
Bird,Red-cockaded Woodpecker,Endangered,D'Arbonne NWR,LA,,290
Bird,Roseate Tern,Threatened,Culebra NWR,PR,,291
Bird,Roseate Tern,Threatened,Merritt Island NWR,FL,,292
Bird,Roseate Tern,Threatened,Key West NWR,FL,,293
Bird,Roseate Tern,Endangered,Ninigret NWR,RI,,294
Bird,Roseate Tern,Endangered,Monomoy NWR,MA,,295
Bird,Roseate Tern,Endangered,Elizabeth A. Morton NWR,NY,,296
Bird,Roseate Tern,Endangered,Trustom Pond NWR,RI,,297
Bird,Roseate Tern,Endangered,Stewart B. McKinney NWR,CT,,298
Bird,Roseate Tern,Endangered,Rachel Carson NWR,ME,,299
Bird,Roseate Tern,Endangered,Petit Manan NWR,ME,,300
Bird,Roseate Tern,Endangered,Mashpee NWR,MA,,301
Bird,Roseate Tern,Endangered,Pond Island NWR,ME,,302
Bird,Short-tailed Albatross,Endangered,Midway Atoll NWR,UM,,303
Bird,Southwestern Willow Flycatcher,Endangered,Colorado River WMA,UT,,304
Bird,Southwestern Willow Flycatcher,Endangered,San Diego NWR,CA,,305
Bird,Southwestern Willow Flycatcher,Endangered,Bosque del Apache NWR,NM,,306
Bird,Southwestern Willow Flycatcher,Endangered,Maxwell NWR,NM,,307
Bird,Southwestern Willow Flycatcher,Endangered,Sevilleta NWR,NM,,308
Bird,Southwestern Willow Flycatcher,Endangered,Bill Williams River NWR,AZ,,309
Bird,Southwestern Willow Flycatcher,Endangered,Cibola NWR,AZ,CA,310
Bird,Southwestern Willow Flycatcher,Endangered,Havasu NWR,AZ,CA,311
Bird,Southwestern Willow Flycatcher,Endangered,Imperial NWR,AZ,CA,312
Bird,Spectacled Eider,Endangered,Yukon Delta NWR,AK,,313
Bird,Spectacled Eider,Endangered,Arctic NWR,AK,,314
Bird,Spectacled Eider,Endangered,Alaska Maritime NWR,AK,,315
Bird,Spectacled Eider,Endangered,Togiak NWR,AK,,316
Bird,Steller's Eider,Threatened,Arctic NWR,AK,,317
Bird,Steller's Eider,Threatened,Alaska Maritime NWR,AK,,318
Bird,Steller's Eider,Threatened,Alaska Peninsula NWR,AK,,319
Bird,Steller's Eider,Threatened,Becharof NWR,AK,,320
Bird,Steller's Eider,Threatened,Izembek NWR,AK,,321
Bird,Steller's Eider,Threatened,Kodiak NWR,AK,,322
Bird,Steller's Eider,Threatened,Selawik NWR,AK,,323
Bird,Steller's Eider,Threatened,Togiak NWR,AK,,324
Bird,Steller's Eider,Threatened,Yukon Delta NWR,AK,,325
Bird,Vanikoro Swiftlet,Endangered,Guam NWR,GU,,326
Bird,Western Snowy Plover (Pacific coast population),Threatened,Humboldt Bay NWR,CA,,327
Bird,Western Snowy Plover (Pacific coast population),Threatened,Tijuana Slough NWR,CA,,328
Bird,Western Snowy Plover (Pacific coast population),Threatened,San Diego Bay NWR,CA,,329
Bird,Western Snowy Plover (Pacific coast population),Threatened,Guadalupe-Nipomo Dunes NWR,CA,,330
Bird,Western Snowy Plover (Pacific coast population),Threatened,Farallon NWR,CA,,331
Bird,Western Snowy Plover (Pacific coast population),Threatened,Seal Beach NWR,CA,,332
Bird,Western Snowy Plover (Pacific coast population),Threatened,Willapa NWR,WA,,333
Bird,Western Snowy Plover (Pacific coast population),Threatened,San Pablo Bay NWR,CA,,334
Bird,Western Snowy Plover (Pacific coast population),Threatened,Don Edwards San Francisco Bay NWR,CA,,335
Bird,Western Snowy Plover (Pacific coast population),Threatened,Salinas River NWR,CA,,336
Bird,Western Snowy Plover (Pacific coast population),Threatened,Bandon Marsh NWR,OR,,337
Bird,Whooping Crane,Endangered,Bear Lake NWR,ID,,338
Bird,Whooping Crane,Endangered,Grays Lake NWR,ID,,339
Bird,Whooping Crane,Endangered,Bosque del Apache NWR,NM,,340
Bird,Whooping Crane,Endangered,Las Vegas NWR,NM,,341
Bird,Whooping Crane,Endangered,Aransas NWR,TX,,342
Bird,Whooping Crane,Endangered,Optima NWR,OK,,343
Bird,Whooping Crane,Endangered,Salt Plains NWR,OK,,344
Bird,Whooping Crane,Endangered,Washita NWR,OK,,345
Bird,Whooping Crane,Endangered,Wintering River NWR,ND,,346
Bird,Whooping Crane,Endangered,Willow Lake NWR,ND,,347
Bird,Whooping Crane,Endangered,Medicine Lake NWR,MT,,348
Bird,Whooping Crane,Endangered,Monte Vista NWR,CO,,349
Bird,Whooping Crane,Endangered,National Elk Refuge,WY,,350
Bird,Whooping Crane,Endangered,Medicine Lake WMD,MT,,351
Bird,Whooping Crane,Endangered,Lords Lake NWR,ND,,352
Bird,Whooping Crane,Endangered,Lake Nettie NWR,ND,,353
Bird,Whooping Crane,Endangered,Lake Zahl NWR,ND,,354
Bird,Whooping Crane,Endangered,Long Lake WMD,ND,,355
Bird,Whooping Crane,Endangered,Crosby WMD,ND,,356
Bird,Whooping Crane,Endangered,Long Lake NWR,ND,,357
Bird,Whooping Crane,Endangered,Ouray NWR,UT,,358
Bird,Whooping Crane,Endangered,Rabb Lake NWR,ND,,359
Bird,Whooping Crane,Endangered,Rainwater Basin WMD,NE,,360
Bird,Whooping Crane,Endangered,Red Rock Lakes NWR,MT,,361
Bird,Whooping Crane,Endangered,Quivira NWR,KS,,362
Bird,Whooping Crane,Endangered,School Section Lake NWR,ND,,363
Bird,Whooping Crane,Endangered,Upper Souris NWR,ND,,364
Bird,Whooping Crane,Endangered,Valentine NWR,NE,,365
Bird,Whooping Crane,Endangered,Alamosa NWR,CO,,366
Bird,Whooping Crane,Endangered,Audubon NWR,ND,,367
Bird,Whooping Crane,Endangered,Chase Lake Prairie Project WMD,ND,,368
Bird,Whooping Crane,Endangered,Lake Ilo NWR,ND,,369
Bird,Whooping Crane,Endangered,Lake Andes WMD,SD,,370
Bird,Whooping Crane,Endangered,Lake Andes NWR,SD,,371
Bird,Whooping Crane,Endangered,J. Clark Salyer WMD,ND,,372
Bird,Whooping Crane,Endangered,Kirwin NWR,KS,,373
Bird,Whooping Crane,Endangered,Kulm WMD,ND,,374
Bird,Whooping Crane,Endangered,Fort Niobrara NWR,NE,,375
Bird,Whooping Crane,Endangered,J. Clark Salyer NWR,ND,,376
Bird,Whooping Crane,Endangered,Devils Lake WMD,ND,,377
Bird,Whooping Crane,Endangered,Cottonwood Lake NWR,ND,,378
Bird,Whooping Crane,Endangered,Buffalo Lake NWR (ND),ND,,379
Bird,Whooping Crane,Endangered,Audubon WMD,ND,,380
Bird,Whooping Crane,Endangered,Chase Lake NWR,ND,,381
Bird,Whooping Crane,Endangered,North Dakota WMA,ND,,382
Bird,Whooping Crane,Endangered,Sevilleta NWR,NM,,383
Bird,Whooping Crane,Endangered,Cokeville Meadows NWR,WY,,384
Bird,Whooping Crane,Endangered,Lostwood NWR,ND,,385
Bird,Whooping Crane,Endangered,Chase Lake Prairie Project WMD,ND,,386
Bird,Wood Stork,Endangered,Choctaw NWR,AL,,387
Bird,Wood Stork,Endangered,Bond Swamp NWR,GA,,388
Bird,Wood Stork,Endangered,Ten Thousand Islands NWR,FL,,389
Bird,Wood Stork,Endangered,Pine Island NWR,FL,,390
Bird,Wood Stork,Endangered,Ernest F. Hollings ACE Basin NWR,SC,,391
Bird,Wood Stork,Endangered,Waccamaw NWR,SC,,392
Bird,Wood Stork,Endangered,Wolf Island NWR,GA,,393
Bird,Wood Stork,Endangered,Lake Woodruff NWR,FL,,394
Bird,Wood Stork,Endangered,Harris Neck NWR,GA,,395
Bird,Wood Stork,Endangered,Hobe Sound NWR,FL,,396
Bird,Wood Stork,Endangered,"J. N. ""Ding"" Darling NWR",FL,,397
Bird,Wood Stork,Endangered,Florida Panther NWR,FL,,398
Bird,Wood Stork,Endangered,Eufaula NWR,AL,GA,399
Bird,Wood Stork,Endangered,National Key Deer Refuge,FL,,400
Bird,Wood Stork,Endangered,Merritt Island NWR,FL,,401
Bird,Wood Stork,Endangered,Lower Suwannee NWR,FL,,402
Bird,Wood Stork,Endangered,St. Marks NWR,FL,,403
Bird,Wood Stork,Endangered,St. Johns NWR,FL,,404
Bird,Wood Stork,Endangered,St. Vincent NWR,FL,,405
Bird,Wood Stork,Endangered,Wassaw NWR,GA,,406
Bird,Wood Stork,Endangered,Okefenokee NWR,GA,FL,407
Bird,Wood Stork,Endangered,Pinellas NWR,FL,,408
Bird,Wood Stork,Endangered,Caloosahatchee NWR,FL,,409
Bird,Wood Stork,Endangered,Savannah NWR,GA,SC,410
Bird,Wood Stork,Endangered,Pinckney Island NWR,SC,,411
Bird,Wood Stork,Endangered,Pelican Island NWR,FL,,412
Bird,Wood Stork,Endangered,Crocodile Lake NWR,FL,,413
Bird,Wood Stork,Endangered,Cape Romain NWR,SC,,414
Bird,Wood Stork,Endangered,Chassahowitzka NWR,FL,,415
Bird,Wood Stork,Endangered,Arthur R. Marshall Loxahatchee NWR,FL,,416
Bird,Wood Stork,Endangered,Banks Lake NWR,GA,,417
Bird,Wood Stork,Endangered,Blackbeard Island NWR,GA,,418
Bird,Yellow-shouldered Blackbird,Endangered,Cabo Rojo NWR,PR,,419
Bird,Yellow-shouldered Blackbird,Endangered,Laguna Cartagena NWR,PR,,420
Clam,Clubshell,Endangered,Erie NWR,PA,,421
Clam,Fanshell,Endangered,Ottawa NWR,OH,,422
Clam,Fanshell,Endangered,Ohio River Islands NWR,KY,"PA, WV",423
Clam,Fat Pocketbook,Endangered,Patoka River NWR,IN,,424
Clam,Finelined pocketbook,Threatened,Cahaba River National Wildlife Refuge,AL,,425
Clam,Higgins' Eye Pearly Mussel,Endangered,Great River NWR,IA,"IL, MO",426
Clam,Higgins' Eye Pearly Mussel,Endangered,Great River NWR,IA,"IL, MO",427
Clam,Higgins' Eye Pearly Mussel,Endangered,Great River NWR,IA,"IL, MO",428
Clam,Higgins' Eye Pearly Mussel,Endangered,St. Croix WMD,WI,,429
Clam,Higgins' Eye Pearly Mussel,Endangered,Great River NWR,IA,"IL, MO",430
Clam,Higgins' Eye Pearly Mussel,Endangered,Upper Mississippi River National Wildlife and Fish Refuge,IA,"IL, MN, WI",431
Clam,Orange-footed Pearly Mussel,Endangered,Tennessee NWR,TN,,432
Clam,Pink Mucket Pearly Mussel,Endangered,Tennessee NWR,TN,,433
Clam,Pink Mucket Pearly Mussel,Endangered,Ohio River Islands NWR,KY,"PA, WV",434
Clam,Ring Pink Mussel,Endangered,Tennessee NWR,TN,,435
Clam,Rough Pigtoe,Endangered,Tennessee NWR,TN,,436
Clam,Triangular kidneyshell,Endangered,Cahaba River National Wildlife Refuge,AL,,437
Clam,upland combshell,Endangered,Cahaba River National Wildlife Refuge,AL,,438
Clam,Winged Mapleleaf Mussel,Endangered,Litchfield WMD,MN,,439
Clam,Winged Mapleleaf Mussel,Endangered,St. Croix WMD,WI,,440
Crustacean,Cambarus aculabrum (crayfish with no common name),Endangered,Logan Cave NWR,AR,,441
Crustacean,Riverside Fairy Shrimp,Endangered,San Diego NWR,CA,,442
Crustacean,San Diego Fairy Shrimp,Endangered,San Diego NWR,CA,,443
Crustacean,Vernal Pool Tadpole Shrimp,Endangered,Don Edwards San Francisco Bay NWR,CA,,444
Fish,Alabama Cavefish,Endangered,Key Cave NWR,AL,,445
Fish,Ash Meadows Amargosa Pupfish,Endangered,Ash Meadows NWR,NV,,446
Fish,Ash Meadows Speckled Dace,Endangered,Ash Meadows NWR,NV,,447
Fish,Beautiful Shiner,Threatened,San Bernardino NWR,AZ,,448
Fish,Bonytail Chub,Endangered,Ouray NWR,UT,,449
Fish,Bonytail Chub,Endangered,Bill Williams River NWR,AZ,,450
Fish,Cahaba shiner,Endangered,Cahaba River National Wildlife Refuge,AL,,451
Fish,Chinook Salmon,Threatened,Willow Creek-Lurline WMA,CA,,452
Fish,Chinook Salmon,Threatened,North Central Valley WMA,CA,,453
Fish,Colorado Pikeminnow,Endangered,Bill Williams River NWR,AZ,,454
Fish,Colorado Pikeminnow,Endangered,Ouray NWR,UT,,455
Fish,Colorado Pikeminnow,Endangered,Havasu NWR,AZ,CA,456
Fish,Desert Pupfish,Endangered,Sonny Bono Salton Sea NWR,CA,,457
Fish,Devil's Hole Pupfish,Endangered,Ash Meadows NWR,NV,,458
Fish,Gila Topminnow (includes Yaqui Topminnow),Endangered,San Bernardino NWR,AZ,,459
Fish,Gila Topminnow (includes Yaqui Topminnow),Endangered,Leslie Canyon NWR,AZ,,460
Fish,Goldline darter,Threatened,Cahaba River National Wildlife Refuge,AL,,461
Fish,Gulf Sturgeon,Threatened,Bogue Chitto NWR,LA,MS,462
Fish,Humpback Chub,Endangered,Bill Williams River NWR,AZ,,463
Fish,Humpback Chub,Endangered,Ouray NWR,UT,,464
Fish,Lost River Sucker,Endangered,Tule Lake NWR,CA,,465
Fish,Lost River Sucker,Endangered,Lower Klamath NWR,CA,OR,466
Fish,Lost River Sucker,Endangered,Clear Lake NWR,CA,,467
Fish,Lost River Sucker,Endangered,Upper Klamath NWR,OR,,468
Fish,Moapa Dace,Endangered,Moapa Valley NWR,NV,,469
Fish,Neosho Madtom,Threatened,Flint Hills NWR,KS,,470
Fish,Oregon Chub,Endangered,William L. Finley NWR,OR,,471
Fish,Ozark Cavefish,Threatened,Logan Cave NWR,AR,,472
Fish,Ozark Cavefish,Threatened,Ozark Cavefish NWR,MO,,473
Fish,Pahrump Poolfish,Threatened,Desert National Wildlife Range,NV,,474
Fish,Pallid Sturgeon,Endangered,Ul Bend NWR,MT,,475
Fish,Pallid Sturgeon,Endangered,Audubon NWR,ND,,476
Fish,Pallid Sturgeon,Endangered,Charles M. Russell NWR,MT,,477
Fish,Pallid Sturgeon,Endangered,Swan Lake NWR,MO,,478
Fish,Pallid Sturgeon,Endangered,DeSoto NWR,IA,NE,479
Fish,Pallid Sturgeon,Endangered,Atchafalaya NWR,LA,,480
Fish,Pallid Sturgeon,Endangered,Delta NWR,LA,,481
Fish,Pallid Sturgeon,Endangered,Big Muddy National Fish and Wildlife Refuge,MO,,482
Fish,Pallid Sturgeon,Endangered,North Dakota WMA,ND,,483
Fish,Pecos Bluntnose Shiner,Threatened,Bitter Lake NWR,NM,,484
Fish,Pecos Gambusia,Endangered,Bitter Lake NWR,NM,,485
Fish,Pygmy Madtom,Endangered,Tennessee NWR,TN,,486
Fish,Razorback Sucker,Endangered,Ouray NWR,UT,,487
Fish,Razorback Sucker,Endangered,Bill Williams River NWR,AZ,,488
Fish,Rio Grande Silvery Minnow,Endangered,Sevilleta NWR,NM,,489
Fish,Rio Grande Silvery Minnow,Endangered,Bosque del Apache NWR,NM,,490
Fish,Shortnose Sturgeon,Endangered,Ernest F. Hollings ACE Basin NWR,SC,,491
Fish,Shortnose Sturgeon,Endangered,Savannah NWR,GA,SC,492
Fish,Short-nose Sucker,Endangered,Upper Klamath NWR,OR,,493
Fish,Short-nose Sucker,Endangered,Lower Klamath NWR,CA,OR,494
Fish,Short-nose Sucker,Endangered,Clear Lake NWR,CA,,495
Fish,Short-nose Sucker,Endangered,Tule Lake NWR,CA,,496
Fish,Tidewater Goby,Endangered,Guadalupe-Nipomo Dunes NWR,CA,,497
Fish,Topeka Shiner,Endangered,North Dakota WMA,ND,,498
Fish,Topeka Shiner,Endangered,North Dakota WMA,ND,,499
Fish,Warm Springs Pupfish,Endangered,Ash Meadows NWR,NV,,500
Fish,Watercress Darter,Endangered,Watercress Darter NWR,AL,,501
Fish,"White Sturgeon, Kootenai River population",Endangered,Kootenai NWR,ID,,502
Fish,Yaqui Catfish,Endangered,San Bernardino NWR,AZ,,503
Fish,Yaqui Chub,Endangered,San Bernardino NWR,AZ,,504
Fish,Yaqui Chub,Endangered,Leslie Canyon NWR,AZ,,505
Insect,American Burying Beetle,Endangered,Valentine NWR,NE,,506
Insect,American Burying Beetle,Endangered,Sequoyah NWR,OK,,507
Insect,American Burying Beetle,Endangered,Block Island NWR,RI,,508
Insect,American burying beetle,Endangered,North Dakota WMA,ND,,509
Insect,Ash Meadows Naucorid,Endangered,Ash Meadows NWR,NV,,510
Insect,Hine's Emerarld Dragonfly,Endangered,Leopold WMD,WI,,511
Insect,Karner Blue Butterfly,Endangered,Leopold WMD,WI,,512
Insect,Karner Blue Butterfly,Endangered,St. Croix WMD,WI,,513
Insect,Karner Blue Butterfly,Endangered,Necedah NWR,WI,,514
Insect,Lange's Metalmark Butterfly,Endangered,Antioch Dunes NWR,CA,,515
Insect,Quino Checkerspot Butterfly,Endangered,San Diego NWR,CA,,516
Insect,Schaus Swallowtail Butterfly,Endangered,Crocodile Lake NWR,FL,,517
Insect,Smith's Blue Butterfly,Endangered,Salinas River NWR,CA,,518
Insect,Valley Elderberry Longhorn Beetle,Threatened,Sacramento River NWR,CA,,519
Insect,Valley Elderberry Longhorn Beetle,Threatened,North Central Valley WMA,CA,,520
Insect,Valley Elderberry Longhorn Beetle,Threatened,Willow Creek-Lurline WMA,CA,,521
Insect,Valley Elderberry Longhorn Beetle,Threatened,Stone Lakes NWR,CA,,522
Mammal,Alabama Beach Mouse,Endangered,Bon Secour NWR,AL,,523
Mammal,Blue Whale,Endangered,Alaska Maritime NWR,AK,,524
Mammal,Bowhead Whale,Endangered,Alaska Maritime NWR,AK,,525
Mammal,Bowhead Whale,Endangered,Arctic NWR,AK,,526
Mammal,Columbian White-tailed Deer,Endangered,Lewis and Clark NWR,OR,,527
Mammal,Columbian White-tailed Deer,Endangered,Julia Butler Hansen Refuge for the Columbian White-tail Deer,OR,WA,528
Mammal,Delmarva Peninsula Fox Squirrel,Endangered,Eastern Neck NWR,MD,,529
Mammal,Delmarva Peninsula Fox Squirrel,Endangered,Chincoteague NWR,MD,VA,530
Mammal,Delmarva Peninsula Fox Squirrel,Endangered,Prime Hook NWR,DE,,531
Mammal,Delmarva Peninsula Fox Squirrel,Endangered,Blackwater NWR,MD,,532
Mammal,Dismal Swamp Southeastern Shrew,Threatened,Great Dismal Swamp NWR,NC,VA,533
Mammal,Eastern Puma (probably extinct),Endangered,Tennessee NWR,TN,,534
Mammal,Eastern Puma (probably extinct),Endangered,Cross Creeks NWR,TN,,535
Mammal,Eastern Puma (probably extinct),Endangered,Carolina Sandhills NWR,SC,,536
Mammal,Finback Whale,Endangered,Alaska Maritime NWR,AK,,537
Mammal,Finback Whale,Endangered,Kodiak NWR,AK,,538
Mammal,Finback Whale,Endangered,Kodiak NWR,AK,,539
Mammal,Florida Panther,Endangered,Arthur R. Marshall Loxahatchee NWR,FL,,540
Mammal,Florida Panther,Endangered,Okefenokee NWR,GA,FL,541
Mammal,Florida Panther,Endangered,Florida Panther NWR,FL,,542
Mammal,Gray Bat,Endangered,Fern Cave NWR,AL,,543
Mammal,Gray Bat,Endangered,Logan Cave NWR,AR,,544
Mammal,Gray Bat,Endangered,Wheeler NWR,AL,,545
Mammal,Gray Bat,Endangered,Sauta Cave NWR,AL,,546
Mammal,Gray Bat,Endangered,Cross Creeks NWR,TN,,547
Mammal,Gray Bat,Endangered,Ozark Plateau NWR,OK,,548
Mammal,Gray Bat,Endangered,Pilot Knob NWR,MO,,549
Mammal,Gray Bat,Endangered,Cypress Creek NWR,IL,,550
Mammal,Gray Bat,Endangered,Big Muddy National Fish and Wildlife Refuge,MO,,551
Mammal,Gray Bat,Endangered,Key Cave NWR,AL,,552
Mammal,Gray Whale,Endangered,Grays Harbor NWR,WA,,553
Mammal,Gray Whale,Endangered,Alaska Maritime NWR,AK,,554
Mammal,Gray Whale,Endangered,Izembek NWR,AK,,555
Mammal,Gray Whale,Endangered,Kodiak NWR,AK,,556
Mammal,Gray Whale,Endangered,Dungeness NWR,WA,,557
Mammal,Gray Wolf,Threatened,Agassiz NWR,MN,,558
Mammal,Gray Wolf,Threatened,Rice Lake NWR,MN,,559
Mammal,Gray Wolf,Endangered,Seney NWR,MI,,560
Mammal,Gray Wolf,Threatened,Tamarac NWR,MN,,561
Mammal,Gray Wolf,Threatened,Detroit Lakes WMD,MN,,562
Mammal,Gray Wolf,Threatened,Fergus Falls WMD,MN,,563
Mammal,Gray Wolf,Threatened,Rydell NWR,MN,,564
Mammal,Gray Wolf,Endangered,St. Croix WMD,WI,,565
Mammal,Gray Wolf,Threatened,Hamden Slough NWR,MN,,566
Mammal,Gray Wolf,Threatened,Litchfield WMD,MN,,567
Mammal,Gray Wolf,Threatened,Leopold WMD,WI,,568
Mammal,Gray Wolf,Endangered,National Elk Refuge,WY,,569
Mammal,Gray Wolf,Threatened,Whittlesey Creek NWR,WI,,570
Mammal,Gray Wolf,Threatened,Lost Trail NWR,MT,,571
Mammal,Grizzly Bear,Threatened,Swan River NWR,MT,,572
Mammal,Grizzly Bear,Threatened,Nine-pipe NWR,MT,,573
Mammal,Grizzly Bear,Threatened,Blackfoot Valley WMA,MT,,574
Mammal,Grizzly Bear,Threatened,Benton Lake WMD,MT,,575
Mammal,Hawaiian Hoary Bat,Endangered,Hakalau Forest NWR,HI,,576
Mammal,Hawaiian Monk Seal,Endangered,Hawaiian Islands NWR,HI,,577
Mammal,Hawaiian Monk Seal,Endangered,Kilauea Point NWR,HI,,578
Mammal,Hawaiian Monk Seal,Endangered,Midway Atoll NWR,UM,,579
Mammal,Hawaiian Monk Seal,Endangered,Palmyra Atoll NWR,UM,,580
Mammal,Humpback Whale,Endangered,Kodiak NWR,AK,,581
Mammal,Humpback Whale,Endangered,Alaska Maritime NWR,AK,,582
Mammal,Indiana Bat,Endangered,Ohio River Islands NWR,KY,"PA, WV",583
Mammal,Indiana Bat,Endangered,Great River NWR,IA,"IL, MO",584
Mammal,Indiana Bat,Endangered,Cypress Creek NWR,IL,,585
Mammal,Indiana Bat,Endangered,Neal Smith NWR,IA,,586
Mammal,Indiana Bat,Endangered,Ottawa NWR,OH,,587
Mammal,Indiana Bat,Endangered,Great River NWR,IA,"IL, MO",588
Mammal,Indiana Bat,Endangered,Great River NWR,IA,"IL, MO",589
Mammal,Indiana Bat,Endangered,Great River NWR,IA,"IL, MO",590
Mammal,Indiana Bat,Endangered,Patoka River NWR,IN,,591
Mammal,Indiana Bat,Endangered,Big Muddy National Fish and Wildlife Refuge,MO,,592
Mammal,Indiana Bat,Endangered,Clarks River NWR,KY,,593
Mammal,Indiana Bat,Endangered,Muscatatuck NWR,IN,,594
Mammal,Indiana Bat,Endangered,Pilot Knob NWR,MO,,595
Mammal,Indiana Bat,Endangered,Sauta Cave NWR,AL,,596
Mammal,Indiana Bat,Endangered,Cross Creeks NWR,TN,,597
Mammal,Indiana Bat,Endangered,Logan Cave NWR,AR,,598
Mammal,Indiana Bat,Endangered,Fern Cave NWR,AL,,599
Mammal,Jaguar,Endangered,Santa Ana NWR,TX,,600
Mammal,Jaguar,Endangered,Lower Rio Grande Valley NWR,TX,,601
Mammal,Jaguar,Endangered,Laguna Atascosa NWR,TX,,602
Mammal,Jaguarundi,Endangered,Santa Ana NWR,TX,,603
Mammal,Jaguarundi,Endangered,Laguna Atascosa NWR,TX,,604
Mammal,Jaguarundi,Endangered,Lower Rio Grande Valley NWR,TX,,605
Mammal,Key Deer,Endangered,National Key Deer Refuge,FL,,606
Mammal,Key Largo Cotton Mouse,Endangered,Crocodile Lake NWR,FL,,607
Mammal,Key Largo Woodrat,Endangered,Crocodile Lake NWR,FL,,608
Mammal,Lesser (=Sanborn's) Long-nosed Bat,Endangered,Cabeza Prieta NWR,AZ,,609
Mammal,Little Mariana Fruit Bat,Endangered,Guam NWR,GU,,610
Mammal,Louisiana Black Bear,Threatened,St. Catherine Creek NWR,MS,,611
Mammal,Louisiana Black Bear,Threatened,Grand Cote NWR,LA,,612
Mammal,Louisiana Black Bear,Threatened,FSA Interest for State of Louisiana,LA,,613
Mammal,Louisiana Black Bear,Threatened,Lake Ophelia NWR,LA,,614
Mammal,Louisiana Black Bear,Threatened,Bayou Cocodrie NWR,LA,,615
Mammal,Louisiana Black Bear,Threatened,Bayou Teche NWR,LA,,616
Mammal,Louisiana Black Bear,Threatened,Cat Island NWR,LA,,617
Mammal,Louisiana Black Bear,Threatened,Caddo Lake NWR,TX,,618
Mammal,Louisiana Black Bear,Threatened,Coldwater River NWR,MS,,619
Mammal,Louisiana Black Bear,Threatened,Yazoo NWR,MS,,620
Mammal,Louisiana Black Bear,Threatened,Panther Swamp NWR,MS,,621
Mammal,Louisiana Black Bear,Threatened,Atchafalaya NWR,LA,,622
Mammal,Louisiana Black Bear,Threatened,Tensas River NWR,LA,,623
Mammal,Lower Keys Rabbit,Endangered,National Key Deer Refuge,FL,,624
Mammal,Mariana Fruit Bat,Endangered,Guam NWR,GU,,625
Mammal,Morro Bay Kangaroo Rat,Endangered,Guadalupe-Nipomo Dunes NWR,CA,,626
Mammal,Ocelot,Endangered,Laguna Atascosa NWR,TX,,627
Mammal,Ocelot,Endangered,Lower Rio Grande Valley NWR,TX,,628
Mammal,Ocelot,Endangered,Santa Ana NWR,TX,,629
Mammal,Ozark Big-eared Bat,Endangered,Ozark Plateau NWR,OK,,630
Mammal,Red Wolf,Endangered,Alligator River NWR,NC,,631
Mammal,Red Wolf,Endangered,Cape Romain NWR,SC,,632
Mammal,Red Wolf,Endangered,Pocosin Lakes NWR,NC,,633
Mammal,Rice (=Silver Rice) Rat,Endangered,Great White Heron NWR,FL,,634
Mammal,Rice (=Silver Rice) Rat,Endangered,National Key Deer Refuge,FL,,635
Mammal,Right Whale,Endangered,Alaska Maritime NWR,AK,,636
Mammal,Riparian Brush Rabbit,Endangered,San Joaquin River NWR,CA,,637
Mammal,Salt Marsh Harvest Mouse,Endangered,Don Edwards San Francisco Bay NWR,CA,,638
Mammal,Salt Marsh Harvest Mouse,Endangered,San Pablo Bay NWR,CA,,639
Mammal,San Joaquin Kit Fox,Endangered,San Luis NWR,CA,,640
Mammal,San Joaquin Kit Fox,Endangered,Kern NWR,CA,,641
Mammal,San Joaquin Kit Fox,Endangered,Merced NWR,CA,,642
Mammal,San Joaquin Kit Fox,Endangered,Pixley NWR,CA,,643
Mammal,San Joaquin Kit Fox,Endangered,Grasslands WMA,CA,,644
Mammal,San Joaquin Kit Fox,Endangered,Bitter Creek NWR,CA,,645
Mammal,Sei Whale,Endangered,Alaska Maritime NWR,AK,,646
Mammal,Sei Whale,Endangered,Kodiak NWR,AK,,647
Mammal,Sonoran Pronghorn,Endangered,Cabeza Prieta NWR,AZ,,648
Mammal,Southeastern Beach Mouse,Threatened,Merritt Island NWR,FL,,649
Mammal,SpermWhale,Endangered,Alaska Maritime NWR,AK,,650
Mammal,Steller (=Northern) Sea-lion,Threatened,Alaska Maritime NWR,AK,,651
Mammal,Steller (=Northern) Sea-lion,Threatened,Izembek NWR,AK,,652
Mammal,Steller (=Northern) Sea-lion,Threatened,Kodiak NWR,AK,,653
Mammal,Steller (=Northern) Sea-lion,Threatened,Copalis NWR,WA,,654
Mammal,Steller (=Northern) Sea-lion,Threatened,Quillayute Needles NWR,WA,,655
Mammal,Steller (=Northern) Sea-lion,Threatened,Togiak NWR,AK,,656
Mammal,Steller (=Northern) Sea-lion,Threatened,Three Arch Rocks NWR,OR,,657
Mammal,Steller (=Northern) Sea-lion,Threatened,Oregon Islands NWR,OR,,658
Mammal,Tipton Kangaroo Rat,Endangered,Pixley NWR,CA,,659
Mammal,Virginia Northern Flying Squirrel,Endangered,Canaan Valley NWR,WV,,660
Mammal,West Indian (=Florida) Manatee,Endangered,Island Bay NWR,FL,,661
Mammal,West Indian (=Florida) Manatee,Endangered,Matlacha Pass NWR,FL,,662
Mammal,West Indian (=Florida) Manatee,Endangered,Pine Island NWR,FL,,663
Mammal,West Indian (=Florida) Manatee,Endangered,Ten Thousand Islands NWR,FL,,664
Mammal,West Indian (=Florida) Manatee,Endangered,Ernest F. Hollings ACE Basin NWR,SC,,665
Mammal,West Indian (=Florida) Manatee,Endangered,Vieques NWR,PR,,666
Mammal,West Indian (=Florida) Manatee,Endangered,Chassahowitzka NWR,FL,,667
Mammal,West Indian (=Florida) Manatee,Endangered,Crystal River NWR,FL,,668
Mammal,West Indian (=Florida) Manatee,Endangered,Blackbeard Island NWR,GA,,669
Mammal,West Indian (=Florida) Manatee,Endangered,Merritt Island NWR,FL,,670
Mammal,West Indian (=Florida) Manatee,Endangered,Lower Suwannee NWR,FL,,671
Mammal,West Indian (=Florida) Manatee,Endangered,Harris Neck NWR,GA,,672
Mammal,West Indian (=Florida) Manatee,Endangered,Lake Woodruff NWR,FL,,673
Mammal,West Indian (=Florida) Manatee,Endangered,"J. N. ""Ding"" Darling NWR",FL,,674
Mammal,West Indian (=Florida) Manatee,Endangered,Wolf Island NWR,GA,,675
Mammal,West Indian (=Florida) Manatee,Endangered,St. Marks NWR,FL,,676
Mammal,West Indian (=Florida) Manatee,Endangered,Pelican Island NWR,FL,,677
Mammal,West Indian (=Florida) Manatee,Endangered,Savannah NWR,GA,SC,678
Mammal,West Indian (=Florida) Manatee,Endangered,Pinellas NWR,FL,,679
Mollusk,Scaleshell Mussel,Proposed,North Dakota WMA,ND,,680
Plant,"Pogogyne abramsii, San Diego mesa mint",Endangered,San Diego NWR,CA,,681
Plant,"Pogogyne nudiuscula, Otay mesa mint",Endangered,San Diego NWR,CA,,682
Plant,"Aconitum noveboracense, Northern Wild Monkshood",Endangered,Driftless Area NWR,IA,,683
Plant,"Aeschynomene virginica, Sensitive Joint-vetch",Threatened,Mattamuskeet NWR,NC,,684
Plant,"Agalinis acuta, sandplain gerardia",Endangered,Wertheim NWR,NY,,685
Plant,"Agalinis acuta, sandplain gerardia",Endangered,Mashpee NWR,MA,,686
Plant,"Amaranthus brownii, Brown's Pigweed",Endangered,Hawaiian Islands NWR,HI,,687
Plant,"Amaranthus pumilus, Seabeach Amaranth",Endangered,Currituck NWR,NC,,688
Plant,"Amaranthus pumilus, Seabeach Amaranth",Endangered,Cape Romain NWR,SC,,689
Plant,"Apios priceana, Price's Potato Bean",Endangered,Cypress Creek NWR,IL,,690
Plant,"Arenaria paludicola, Marsh Sandwort",,Guadalupe-Nipomo Dunes NWR,CA,,691
Plant,"Aristida chaseae, no common name",Endangered,Cabo Rojo NWR,PR,,692
Plant,"Asclepia meadii, Mead's Milkweed",Threatened,Flint Hills NWR,KS,,693
Plant,"Asclepia meadii, Mead's Milkweed",Threatened,Marais des Cygnes NWR,KS,,694
Plant,"Asimina tetramera, Four-petal Pawpaw",Endangered,Hobe Sound NWR,FL,,695
Plant,"Asplenium scolopendrium var. americana, American Hart's-tongue Fern",Threatened,Fern Cave NWR,AL,,696
Plant,"Astragalus phoenix, Ash Meadows Milk-vetch",Threatened,Ash Meadows NWR,NV,,697
Plant,"Boltonia decurrens, Decurrent False Aster",Threatened,Great River NWR,IA,"IL, MO",698
Plant,"Boltonia decurrens, Decurrent False Aster",Threatened,Meredosia NWR,IL,,699
Plant,"Boltonia decurrens, Decurrent False Aster",Threatened,Big Muddy National Fish and Wildlife Refuge,MO,,700
Plant,"Boltonia decurrens, Decurrent False Aster",Threatened,Great River NWR,IA,"IL, MO",701
Plant,"Boltonia decurrens, Decurrent False Aster",Threatened,Great River NWR,IA,"IL, MO",702
Plant,"Boltonia decurrens, Decurrent False Aster",Threatened,Great River NWR,IA,"IL, MO",703
Plant,"Bonamia grandiflora, Florida Bonamia",Threatened,Lake Wales Ridge NWR,FL,,704
Plant,"Calyptranthes thomasiana, Thomas?Lidflower",Endangered,Vieques NWR,PR,,705
Plant,"Centaurium namophilum, Spring-loving Centaury",Threatened,Ash Meadows NWR,NV,,706
Plant,"Cereus eriophorus var. fragrans, Fragrant Prickly-apple",Endangered,Merritt Island NWR,FL,,707
Plant,"Cereus robinii, Key Tree-cactus",Endangered,National Key Deer Refuge,FL,,708
Plant,"Chamaesyce garberi, Garber's Spurge",Endangered,National Key Deer Refuge,FL,,709
Plant,"Chamaesyce rockii, `Akoko",Endangered,Oahu Forest NWR,HI,,710
Plant,"Chionanthus pygmaeus, Pygmy Fringe-tree",Endangered,Lake Wales Ridge NWR,FL,,711
Plant,"Chorizante pungens var pungens, Monterey spineflower",Threatened,Salinas River NWR,CA,,712
Plant,"Cirsium pitcheri, Pitcher's Thistle",Threatened,Leopold WMD,WI,,713
Plant,"Clermontia pyrularia, 'oha wai",Endangered,Hakalau Forest NWR,HI,,714
Plant,"Clitoria fragrans, Pigeon Wings",Threatened,Lake Wales Ridge NWR,FL,,715
Plant,"Cordylanthus maritimus spp. maritimus, Salt Marsh Bird's-beak",Endangered,San Diego Bay NWR,CA,,716
Plant,"Cordylanthus maritimus spp. maritimus, Salt Marsh Bird's-beak",Endangered,Tijuana Slough NWR,CA,,717
Plant,"Cordylanthus palmatus, Palmate-bracted Bird's-beak",Endangered,Colusa NWR,CA,,718
Plant,"Cordylanthus palmatus, Palmate-bracted Bird's-beak",Endangered,Delevan NWR,CA,,719
Plant,"Cordylanthus palmatus, Palmate-bracted Bird's-beak",Endangered,Willow Creek-Lurline WMA,CA,,720
Plant,"Cordylanthus palmatus, Palmate-bracted Bird's-beak",Endangered,North Central Valley WMA,CA,,721
Plant,"Coryphantha sneedii var. robustispina, Pima Pineapple Cactus",Endangered,Buenos Aires NWR,AZ,,722
Plant,"Coryphantha sneedii var. sneedii, Sneed Pincushion Cactus",Endangered,San Andres NWR,NM,,723
Plant,"Cyanea acuminata, Haha",Endangered,Oahu Forest NWR,HI,,724
Plant,"Cyanea humboldtiana, Haha",Endangered,Oahu Forest NWR,HI,,725
Plant,"Cyanea koolauensis, Haha",Endangered,Oahu Forest NWR,HI,,726
Plant,"Cyanea shipmanii, haha",Endangered,Hakalau Forest NWR,HI,,727
Plant,"Cyrandra subumellata, Ha`iwale",Endangered,Oahu Forest NWR,HI,,728
Plant,"Cyrandra viridiflora, Ha`iwale",Endangered,Oahu Forest NWR,HI,,729
Plant,"Dicerandra christmanii, Garett's Mint",Endangered,Lake Wales Ridge NWR,FL,,730
Plant,"Echinocereus fendleri var. kuenzleri, Kuenzler Hedgehog Cactus",Endangered,San Andres NWR,NM,,731
Plant,"Enceliopsis nudicaulis var. corrugata, Ash Meadows Sunray",Threatened,Ash Meadows NWR,NV,,732
Plant,"Eriogonum longifolium var. gnaphalifolium, Scrub Buckwheat",Threatened,Lake Wales Ridge NWR,FL,,733
Plant,"Eryngium aristulatum var. parishii, San Diego button-celery",Endangered,San Diego NWR,CA,,734
Plant,"Erysimum capitatum var. angustatum, Contra Costa Wallflower",Endangered,Antioch Dunes NWR,CA,,735
Plant,"Eugenia woodburyana, no common name",Endangered,Cabo Rojo NWR,PR,,736
Plant,"Eugenia woodburyana, no common name",Endangered,Vieques NWR,PR,,737
Plant,"Gardenia manii, Nanu, Na`u",Endangered,Oahu Forest NWR,HI,,738
Plant,"Gilia tenuiflora ssp. arenaria, Monterey gilia",Endangered,Salinas River NWR,CA,,739
Plant,"Goetzea elegans, Beautiful Goetzea",Endangered,Vieques NWR,PR,,740
Plant,"Grindelia fraxinopratensis, Ash Meadows Gumplant",Threatened,Ash Meadows NWR,NV,,741
Plant,"Harrisia portorricensis, Higo Chumbo",Threatened,Desecheo NWR,PR,,742
Plant,"Helianthus paradoxus, Pecos Sunflower",Threatened,Bitter Lake NWR,NM,,743
Plant,"Helonias bullata, Swamp Pink",Threatened,Cape May NWR,NJ,,744
Plant,"Helonias bullata, Swamp Pink",Threatened,Edwin B. Forsythe NWR,NJ,,745
Plant,"Hesperomannia arborescens, no common name",Endangered,Oahu Forest NWR,HI,,746
Plant,"Howellia aquatilis, Water Howellia",Threatened,Turnbull NWR,WA,,747
Plant,"Howellia aquatilis, Water Howellia",Threatened,Ridgefield NWR,WA,,748
Plant,"Hymenoxys aculis var. glabra, Lakeside Daisy",Threatened,Ottawa NWR,OH,,749
Plant,"Iris lacustris, Dwarf Lake Iris",Threatened,Michigan Islands NWR,MI,,750
Plant,"Iris lacustris, Dwarf Lake Iris",Threatened,Leopold WMD,WI,,751
Plant,"Isodendrion laurifolium, Aupaka",Endangered,Oahu Forest NWR,HI,,752
Plant,"Ivesia kingii var. eremica, Ash Meadows ivesia",Threatened,Ash Meadows NWR,NV,,753
Plant,"Lespedeza leptostachya, Prairie Bush-clover",Threatened,Leopold WMD,WI,,754
Plant,"Lespedeza leptostachya, Prairie Bush-clover",Threatened,Windom WMD,MN,,755
Plant,"Lespedeza leptostachya, Prairie Bush-clover",Threatened,Litchfield WMD,MN,,756
Plant,"Lespedeza leptostachya, Prairie Bush-clover",Threatened,Iowa WMD,IA,,757
Plant,"Liatris ohlingerae, Scrub Blazingstar",Endangered,Lake Wales Ridge NWR,FL,,758
Plant,"Lilaeopsis schaffneriana var.recurva, Huachuca water umbel",Endangered,San Bernardino NWR,AZ,,759
Plant,"Lilaeopsis schaffneriana spp. recurva, Huachuca water umbel",Endangered,Leslie Canyon NWR,AZ,,760
Plant,"Lobelia gaudichaudii spp. koolauensis, no common name",Endangered,Oahu Forest NWR,HI,,761
Plant,"Lobelia oahuensis, no common name",Endangered,Oahu Forest NWR,HI,,762
Plant,"Lomatium bradshawii, Bradshaw's Desert-parsley",Endangered,William L. Finley NWR,OR,,763
Plant,"Manihot walkerae, Walker's Manioc",Endangered,Lower Rio Grande Valley NWR,TX,,764
Plant,"Mariscus pennatiformis bryanii, no common name",Endangered,Hawaiian Islands NWR,HI,,765
Plant,"Mentzelia leucophylla, Ash Meadows Blazing-star",Threatened,Ash Meadows NWR,NV,,766
Plant,"Nitrophila mohavensis, Amargosa Niterwort",Endangered,Ash Meadows NWR,NV,,767
Plant,"Oenothera deltoides howellii, Antioch Dunes Evening Primrose",Endangered,Antioch Dunes NWR,CA,,768
Plant,"Orcuttia californica, California Orcutt grass",Endangered,San Diego NWR,CA,,769
Plant,"Oxypolis canbyi, Canby's Dropwort",Endangered,Ernest F. Hollings ACE Basin NWR,SC,,770
Plant,"Oxytropis campestris var. chartacea, Fassett's Locoweed",Threatened,Leopold WMD,WI,,771
Plant,"Paronychia chartacea (= Nyachia pulvinata), Papery Whitlow-wort",Threatened,Lake Wales Ridge NWR,FL,,772
Plant,"Penstemon haydenii, Blowout Penstemon",Endangered,Crescent Lake NWR,NE,,773
Plant,"Penstemon haydenii, Blowout Penstemon",Endangered,Valentine NWR,NE,,774
Plant,"Peperomia wheeleri, Wheeler's Peperomia",Endangered,Culebra NWR,PR,,775
Plant,"Phlegmariurus nutans, Wawae`iole",Endangered,Oahu Forest NWR,HI,,776
Plant,"Phyllostegia hirsuta, no common name",Endangered,Oahu Forest NWR,HI,,777
Plant,"Planthera praeclara, western prairie fringed orchid",Threatened,North Dakota WMA,ND,,778
Plant,"Platanthera leucophaea, Eastern Prairie Fringed Orchid",Threatened,Leopold WMD,WI,,779
Plant,"Platanthera leucophaea, Eastern Prairie Fringed Orchid",Threatened,Ottawa NWR,OH,,780
Plant,"Platanthera leucophaea, Eastern Prairie Fringed Orchid",Threatened,Cedar Point NWR,OH,,781
Plant,"Platanthera praeclara, Western Prairie Fringed Orchid",Threatened,Detroit Lakes WMD,MN,,782
Plant,"Platanthera praeclara, Western Prairie Fringed Orchid",Threatened,Fergus Falls WMD,MN,,783
Plant,"Platanthera praeclara, Western Prairie Fringed Orchid",Endangered,Morris WMD,MN,,784
Plant,"Platanthera praeclara, Western Prairie Fringed Orchid",Threatened,Valentine NWR,NE,,785
Plant,"Platanthera praeclara, Western Prairie Fringed Orchid",Threatened,Maple River NWR,ND,,786
Plant,"Platanthera praeclara, Western Prairie Fringed Orchid",Threatened,Devils Lake WMD,ND,,787
Plant,"Platanthera praeclara, Western Prairie Fringed Orchid",Threatened,Kulm WMD,ND,,788
Plant,"Platanthera praeclara, Western Prairie Fringed Orchid",Threatened,Bone Hill NWR,ND,,789
Plant,"Platanthera praeclara, Western Prairie Fringed Orchid",Threatened,Iowa WMD,IA,,790
Plant,"Platanthera praeclara, Western Prairie Fringed Orchid",Threatened,Litchfield WMD,MN,,791
Plant,"Platanthera praeclara, Western Prairie Fringed Orchid",Threatened,Northern Tallgrass Prairie NWR,MN,,792
Plant,"Platanthera praeclara, Western Prairie Fringed Orchid",Threatened,Dakota Tallgrass Prairie WMA,SD,,793
Plant,"Polygonella basiramia (= P. ciliata var. b.), Wireweed",Endangered,Lake Wales Ridge NWR,FL,,794
Plant,"Pritchardia remota, loulo",Endangered,Hawaiian Islands NWR,HI,,795
Plant,"Prunus geniculata, Scrub Plum",Endangered,Lake Wales Ridge NWR,FL,,796
Plant,"Pteris lydgatei, no common name",Endangered,Oahu Forest NWR,HI,,797
Plant,"Rorippa gambellii, Gambel_ Watercress",Endangered,Guadalupe-Nipomo Dunes NWR,CA,,798
Plant,"Sanicula purpurea, no common name",Endangered,Oahu Forest NWR,HI,,799
Plant,"Schiedea verticillata, Whorled schiedea",Endangered,Hawaiian Islands NWR,HI,,800
Plant,Schwalbea americana American chaffseed,Endangered,Noxubee NWR,MS,,801
Plant,"Sclerocactus glaucus, Uinta Basin Hookless Cactus",Endangered,Ouray NWR,UT,,802
Plant,"Sedum integrifolium leedyi, Leedy's roseroot",Threatened,Driftless Area NWR,IA,,803
Plant,"Serianthes nelsonii, hayun lagu",Endangered,Guam NWR,GU,,804
Plant,"Sesbania tomentosa, no common name",Endangered,Hawaiian Islands NWR,HI,,805
Plant,"Sidalcea nelsoniana, Nelson's Checker-mallow",Threatened,William L. Finley NWR,OR,,806
Plant,"Stahlia monosperma, Cobana negra",Threatened,Cabo Rojo NWR,PR,,807
Plant,"Stahlia monosperma, Cobana negra",Threatened,Vieques NWR,PR,,808
Plant,"Tetraplasandra gymnocarpa, no common name",Endangered,Oahu Forest NWR,HI,,809
Plant,"Trifolium stoloniferum, Running Buffalo Clover",Threatened,Ottawa NWR,OH,,810
Plant,"Viola oahuensis, no common name",Endangered,Oahu Forest NWR,HI,,811
Reptile,American Crocodile,Endangered,Ten Thousand Islands NWR,FL,,812
Reptile,American Crocodile,Endangered,"J. N. ""Ding"" Darling NWR",FL,,813
Reptile,American Crocodile,Endangered,Crocodile Lake NWR,FL,,814
Reptile,Atlantic Salt Marsh Snake,Threatened,Merritt Island NWR,FL,,815
Reptile,Atlantic Salt Marsh Snake,Threatened,Pelican Island NWR,FL,,816
Reptile,Blue-tailed Mole Skink,Threatened,Lower Suwannee NWR,FL,,817
Reptile,Blunt-nosed Leopard Lizard,Endangered,Pixley NWR,CA,,818
Reptile,Blunt-nosed Leopard Lizard,Endangered,San Luis NWR,CA,,819
Reptile,Blunt-nosed Leopard Lizard,Endangered,Kern NWR,CA,,820
Reptile,Blunt-nosed Leopard Lizard,Endangered,Grasslands WMA,CA,,821
Reptile,Coachella Valley Fringe-toed Lizard,Endangered,Coachella Valley NWR,CA,,822
Reptile,Culebra Island Giant Anole,Endangered,Culebra NWR,PR,,823
Reptile,Desert Tortoise,Threatened,Imperial NWR,AZ,CA,824
Reptile,Desert Tortoise,Threatened,Cibola NWR,AZ,CA,825
Reptile,Desert Tortoise,Threatened,Havasu NWR,AZ,CA,826
Reptile,Desert Tortoise,Threatened,Desert National Wildlife Range,NV,,827
Reptile,Eastern Indigo Snake,Threatened,Crocodile Lake NWR,FL,,828
Reptile,Eastern Indigo Snake,Threatened,Chassahowitzka NWR,FL,,829
Reptile,Eastern Indigo Snake,Threatened,Arthur R. Marshall Loxahatchee NWR,FL,,830
Reptile,Eastern Indigo Snake,Threatened,Lower Suwannee NWR,FL,,831
Reptile,Eastern Indigo Snake,Threatened,Merritt Island NWR,FL,,832
Reptile,Eastern Indigo Snake,Threatened,National Key Deer Refuge,FL,,833
Reptile,Eastern Indigo Snake,Threatened,Hobe Sound NWR,FL,,834
Reptile,Eastern Indigo Snake,Threatened,Lake Woodruff NWR,FL,,835
Reptile,Eastern Indigo Snake,Threatened,Florida Panther NWR,FL,,836
Reptile,Eastern Indigo Snake,Threatened,Okefenokee NWR,GA,FL,837
Reptile,Eastern Indigo Snake,Threatened,St. Johns NWR,FL,,838
Reptile,Eastern Indigo Snake,Threatened,St. Marks NWR,FL,,839
Reptile,Eastern Indigo Snake,Threatened,St. Vincent NWR,FL,,840
Reptile,Eastern Indigo Snake,Threatened,Lake Wales Ridge NWR,FL,,841
Reptile,Giant Garter Snake,Threatened,Stone Lakes NWR,CA,,842
Reptile,Giant Garter Snake,Endangered,Willow Creek-Lurline WMA,CA,,843
Reptile,Giant Garter Snake,Endangered,North Central Valley WMA,CA,,844
Reptile,Giant Garter Snake,Endangered,Grasslands WMA,CA,,845
Reptile,Giant Garter Snake,Endangered,San Luis NWR,CA,,846
Reptile,Giant Garter Snake,Endangered,Merced NWR,CA,,847
Reptile,Gopher Tortoise,Threatened,Bogue Chitto NWR,LA,MS,848
Reptile,Gopher Tortoise,Threatened,Mississippi Sandhill Crane NWR,MS,,849
Reptile,Green Sea Turtle,Endangered,Merritt Island NWR,FL,,850
Reptile,Green Sea Turtle,Endangered,Key West NWR,FL,,851
Reptile,Green Sea Turtle,Threatened,Lower Suwannee NWR,FL,,852
Reptile,Green Sea Turtle,Endangered,Hobe Sound NWR,FL,,853
Reptile,Green Sea Turtle,Endangered,Desecheo NWR,PR,,854
Reptile,Green Sea Turtle,Threatened,Sandy Point NWR,VI,,855
Reptile,Green Sea Turtle,Endangered,St. Marks NWR,FL,,856
Reptile,Green Sea Turtle,Endangered,Pinellas NWR,FL,,857
Reptile,Green Sea Turtle,Endangered,Passage Key NWR,FL,,858
Reptile,Green Sea Turtle,Endangered,Pelican Island NWR,FL,,859
Reptile,Green Sea Turtle,Endangered,Chassahowitzka NWR,FL,,860
Reptile,Green Sea Turtle,Endangered,Breton NWR,LA,,861
Reptile,Green Sea Turtle,Threatened,Lower Rio Grande Valley NWR,TX,,862
Reptile,Green Sea Turtle,Threatened,Aransas NWR,TX,,863
Reptile,Green Sea Turtle,Threatened,Midway Atoll NWR,UM,,864
Reptile,Green Sea Turtle,Threatened,Rose Atoll NWR,AS,,865
Reptile,Green Sea Turtle,Threatened,Johnston Island NWR,UM,,866
Reptile,Green Sea Turtle,Threatened,Hawaiian Islands NWR,HI,,867
Reptile,Green Sea Turtle,Endangered,Ten Thousand Islands NWR,FL,,868
Reptile,Green Sea Turtle,Endangered,Archie Carr NWR,FL,,869
Reptile,Green Sea Turtle,Threatened,Guam NWR,GU,,870
Reptile,Green Sea Turtle,Endangered,Pea Island NWR,NC,,871
Reptile,Green Sea Turtle,Threatened,Delta NWR,LA,,872
Reptile,Green Sea Turtle,Threatened,Kingman Reef NWR,UM,,873
Reptile,Green Sea Turtle,Threatened,Palmyra Atoll NWR,UM,,874
Reptile,Green Sea Turtle,Threatened,San Diego Bay NWR,CA,,875
Reptile,Hawksbill Sea Turtle,Endangered,Kingman Reef NWR,UM,,876
Reptile,Hawksbill Sea Turtle,Endangered,Palmyra Atoll NWR,UM,,877
Reptile,Hawksbill Sea Turtle,Endangered,Vieques NWR,PR,,878
Reptile,Hawksbill Sea Turtle,Endangered,Guam NWR,GU,,879
Reptile,Hawksbill Sea Turtle,Endangered,Archie Carr NWR,FL,,880
Reptile,Hawksbill Sea Turtle,Endangered,Jarvis Island NWR,UM,,881
Reptile,Hawksbill Sea Turtle,Endangered,Howland Island NWR,UM,,882
Reptile,Hawksbill Sea Turtle,Endangered,Baker Island NWR,UM,,883
Reptile,Hawksbill Sea Turtle,Endangered,Rose Atoll NWR,AS,,884
Reptile,Hawksbill Sea Turtle,Endangered,Aransas NWR,TX,,885
Reptile,Hawksbill Sea Turtle,Endangered,Lower Rio Grande Valley NWR,TX,,886
Reptile,Hawksbill Sea Turtle,Endangered,Culebra NWR,PR,,887
Reptile,Hawksbill Sea Turtle,Endangered,Desecheo NWR,PR,,888
Reptile,Hawksbill Sea Turtle,Endangered,Pelican Island NWR,FL,,889
Reptile,Hawksbill Sea Turtle,Endangered,Sandy Point NWR,VI,,890
Reptile,Hawksbill Sea Turtle,Endangered,Merritt Island NWR,FL,,891
Reptile,Kemp's Ridley Sea Turtle,Endangered,Merritt Island NWR,FL,,892
Reptile,Kemp's Ridley Sea Turtle,Endangered,Lower Suwannee NWR,FL,,893
Reptile,Kemp's Ridley Sea Turtle,Endangered,Pelican Island NWR,FL,,894
Reptile,Kemp's Ridley Sea Turtle,Endangered,St. Marks NWR,FL,,895
Reptile,Kemp's Ridley Sea Turtle,Endangered,Oyster Bay NWR,NY,,896
Reptile,Kemp's Ridley Sea Turtle,Endangered,Chassahowitzka NWR,FL,,897
Reptile,Kemp's Ridley Sea Turtle,Endangered,Breton NWR,LA,,898
Reptile,Kemp's Ridley Sea Turtle,Endangered,Lower Rio Grande Valley NWR,TX,,899
Reptile,Kemp's Ridley Sea Turtle,Endangered,Aransas NWR,TX,,900
Reptile,Kemp's Ridley Sea Turtle,Endangered,Eastern Shore Of Virginia NWR,VA,,901
Reptile,Kemp's Ridley Sea Turtle,Endangered,Delta NWR,LA,,902
Reptile,Kemp's Ridley Sea Turtle,Endangered,Fisherman Island NWR,VA,,903
Reptile,Kemp's Ridley Sea Turtle,Endangered,Elizabeth A. Morton NWR,NY,,904
Reptile,Leatherback Sea Turtle,Endangered,Oyster Bay NWR,NY,,905
Reptile,Leatherback Sea Turtle,Endangered,Fisherman Island NWR,VA,,906
Reptile,Leatherback Sea Turtle,Endangered,Delta NWR,LA,,907
Reptile,Leatherback Sea Turtle,Endangered,Eastern Shore Of Virginia NWR,VA,,908
Reptile,Leatherback Sea Turtle,Endangered,Archie Carr NWR,FL,,909
Reptile,Leatherback Sea Turtle,Endangered,Merritt Island NWR,FL,,910
Reptile,Leatherback Sea Turtle,Endangered,Vieques NWR,PR,,911
Reptile,Leatherback Sea Turtle,Endangered,Aransas NWR,TX,,912
Reptile,Leatherback Sea Turtle,Endangered,Lower Rio Grande Valley NWR,TX,,913
Reptile,Leatherback Sea Turtle,Endangered,Breton NWR,LA,,914
Reptile,Leatherback Sea Turtle,Endangered,St. Marks NWR,FL,,915
Reptile,Leatherback Sea Turtle,Endangered,Sandy Point NWR,VI,,916
Reptile,Leatherback Sea Turtle,Endangered,Hobe Sound NWR,FL,,917
Reptile,Loggerhead Sea Turtle,Threatened,Hobe Sound NWR,FL,,918
Reptile,Loggerhead Sea Turtle,Threatened,Key West NWR,FL,,919
Reptile,Loggerhead Sea Turtle,Threatened,Lower Suwannee NWR,FL,,920
Reptile,Loggerhead Sea Turtle,Threatened,Merritt Island NWR,FL,,921
Reptile,Loggerhead Sea Turtle,Threatened,Pinellas NWR,FL,,922
Reptile,Loggerhead Sea Turtle,Threatened,Pelican Island NWR,FL,,923
Reptile,Loggerhead Sea Turtle,Threatened,Passage Key NWR,FL,,924
Reptile,Loggerhead Sea Turtle,Threatened,Pea Island NWR,NC,,925
Reptile,Loggerhead Sea Turtle,Threatened,St. Vincent NWR,FL,,926
Reptile,Loggerhead Sea Turtle,Threatened,St. Marks NWR,FL,,927
Reptile,Loggerhead Sea Turtle,Threatened,Wassaw NWR,GA,,928
Reptile,Loggerhead Sea Turtle,Threatened,Back Bay NWR,VA,,929
Reptile,Loggerhead Sea Turtle,Threatened,Wolf Island NWR,GA,,930
Reptile,Loggerhead Sea Turtle,Threatened,Chincoteague NWR,MD,VA,931
Reptile,Loggerhead Sea Turtle,Threatened,Breton NWR,LA,,932
Reptile,Loggerhead Sea Turtle,Threatened,Bon Secour NWR,AL,,933
Reptile,Loggerhead Sea Turtle,Threatened,Blackbeard Island NWR,GA,,934
Reptile,Loggerhead Sea Turtle,Threatened,Chassahowitzka NWR,FL,,935
Reptile,Loggerhead Sea Turtle,Threatened,Cape Romain NWR,SC,,936
Reptile,Loggerhead Sea Turtle,Threatened,Egmont Key NWR,FL,,937
Reptile,Loggerhead Sea Turtle,Endangered,Currituck NWR,NC,,938
Reptile,Loggerhead Sea Turtle,Threatened,Lower Rio Grande Valley NWR,TX,,939
Reptile,Loggerhead Sea Turtle,Threatened,Laguna Atascosa NWR,TX,,940
Reptile,Loggerhead Sea Turtle,Threatened,Aransas NWR,TX,,941
Reptile,Loggerhead Sea Turtle,Threatened,Archie Carr NWR,FL,,942
Reptile,Loggerhead Sea Turtle,Threatened,Ten Thousand Islands NWR,FL,,943
Reptile,Loggerhead Sea Turtle,Threatened,Eastern Shore Of Virginia NWR,VA,,944
Reptile,Loggerhead Sea Turtle,Threatened,Fisherman Island NWR,VA,,945
Reptile,Loggerhead Sea Turtle,Threatened,Oyster Bay NWR,NY,,946
Reptile,Loggerhead Sea Turtle,Threatened,Elizabeth A. Morton NWR,NY,,947
Reptile,Loggerhead Sea Turtle,Threatened,Delta NWR,LA,,948
Reptile,Loggerhead Sea Turtle,Threatened,Target Rock NWR,NY,,949
Reptile,Loggerhead Sea Turtle,Threatened,Wertheim NWR,NY,,950
Reptile,Northern Copperbelly Water snake,Threatened,Muscatatuck NWR,IN,,951
Reptile,Northern Copperbelly Water Snake,Threatened,Cypress Creek NWR,IL,,952
Reptile,Northern Copperbelly Water snake,Threatened,Patoka River NWR,IN,,953
Reptile,Plymouth Red-bellied Turtle,Endangered,Massasoit NWR,MA,,954
Reptile,Ringed Sawback Turtle,Threatened,Bogue Chitto NWR,LA,MS,955
Reptile,Sand Skink,Threatened,Lake Wales Ridge NWR,FL,,956
Reptile,St. Croix Ground Lizard,Endangered,Green Cay NWR,VI,,957
Snail,Cylindrical lioplax,Endangered,Cahaba River National Wildlife Refuge,AL,,958
Snail,Iowa Pleistocene Snail,Endangered,Driftless Area NWR,IA,,959
Snail,Oahu Tree Snail - Achatinella byronii,Endangered,Oahu Forest NWR,HI,,960
Snail,Oahu Tree Snail - Achatinella decipiens,Endangered,Oahu Forest NWR,HI,,961
Snail,Oahu Tree Snail - Achatinella leucorraphe,Endangered,Oahu Forest NWR,HI,,962
Snail,Oahu Tree Snail - Achatinella sowerbyana,Endangered,Oahu Forest NWR,HI,,963
Snail,Round rocksnail,Threatened,Cahaba River National Wildlife Refuge,AL,,964
Snail,Stock Island Tree Snail,Threatened,National Key Deer Refuge,FL,,965
